Beverages,Chai
Beverages,Chang
Beverages,Chartreuse verte
Beverages,Ipoh Coffee
Beverages,Laughing Lumberjack Lager
Beverages,Outback Lager
Beverages,Sasquatch Ale
Beverages,Steeleye Stout
Category,Product
Condiments,Aniseed Syrup
Condiments,Chef Anton's Cajun Seasoning
Condiments,Chef Anton's Gumbo Mix
Condiments,Genen Shouyu
Condiments,Grandma's Boysenberry Spread
Condiments,Gula Malacca
Condiments,Louisiana Fiery Hot Pepper Sauce
Condiments,Louisiana Hot Spiced Okra
Condiments,Northwoods Cranberry Sauce
Condiments,Vegie-spread
Confections,Chocolade
Confections,Maxilaku
Confections,Pavlova
Confections,Schoggi Schokolade
Confections,Scottish Longbreads
Confections,Sir Rodney's Marmalade
Confections,Sir Rodney's Scones
Confections,Tarte au sucre
Confections,Teatime Chocolate Biscuits
Confections,Valkoinen suklaa
Confections,Zaanse koeken
Dairy Products,Camembert Pierrot
Dairy Products,Geitost
Dairy Products,Gorgonzola Telino
Dairy Products,Gudbrandsdalsost
Dairy Products,Mascarpone Fabioli
Dairy Products,Mozzarella di Giovanni
Dairy Products,Queso Cabrales
Dairy Products,Queso Manchego La Pastora
Dairy Products,Raclette Courdavault
Grains/Cereals,Filo Mix
Grains/Cereals,Gnocchi di nonna Alice
Grains/Cereals,Ravioli Angelo
Grains/Cereals,Singaporean Hokkien Fried Mee
Meat/Poultry,Alice Mutton
Meat/Poultry,Mishi Kobe Niku
Meat/Poultry,Perth Pasties
Produce,Longlife Tofu
Produce,Manjimup Dried Apples
Produce,Tofu
Produce,Uncle Bob's Organic Dried Pears
Seafood,Boston Crab Meat
Seafood,Carnarvon Tigers
Seafood,Escargots de Bourgogne
Seafood,Gravad lax
Seafood,Ikura
Seafood,Inlagd Sill
Seafood,Jack's New England Clam Chowder
Seafood,Konbu
Seafood,Nord-Ost Matjeshering
Seafood,Spegesild
